ID,prediction
28800,0.4907011043791599
28801,0.646809476705795
28802,0.4347872177494269
